<?xml version="1.0" encoding="UTF-8"?><!--See the file "LICENSE" for the full license governing this code.-->

<Configuration>
    <property name="LOG_DIR" value="/data/data/com.bizbuzzz.app/files/logs" />
    <!-- Create a logcat appender -->
    <appender name="LOGCAT" class="ch.qos.logback.classic.android.LogcatAppender">
        <encoder>
            <pattern>
                %msg%n
            </pattern>
        </encoder>
    </appender>

    <!-- Create a file appender with size based rolling policy -->
    <appender name="FILE" class="ch.qos.logback.core.rolling.RollingFileAppender">
        <file>${LOG_DIR}/BizBuzzzLog.txt</file>
        <rollingPolicy class="ch.qos.logback.core.rolling.FixedWindowRollingPolicy">
            <fileNamePattern>${LOG_DIR}/BizBuzzzLog-%i.txt</fileNamePattern>
            <minIndex>1</minIndex>
            <maxIndex>1</maxIndex>
        </rollingPolicy>
        <triggeringPolicy class="com.android.afx.logger.SizeBasedTriggeringPolicy">
            <maxFileSize>32MB</maxFileSize>
        </triggeringPolicy>
        <encoder>
            <pattern>%date : [%thread] %-5level %logger{35} - %msg%n</pattern>
        </encoder>
    </appender>
    <!-- For production Build <root level="ERROR">-->
    <root level="DEBUG">
        <appender-ref ref="FILE" />
        <appender-ref ref="LOGCAT" />
    </root>
</Configuration>
