{
  "project_info": {
    "project_number": "442551322332",
    "firebase_url": "https://bizbuzzz-live-db.firebaseio.com",
    "project_id": "bizbuzzz-live-db",
    "storage_bucket": "bizbuzzz-live-db.appspot.com"
  },
  "client": [
    {
      "client_info": {
        "mobilesdk_app_id": "1:442551322332:android:f822a2982aa794be",
        "android_client_info": {
          "package_name": "com.bizbuzzz.app"
        }
      },
      "oauth_client": [
        {
          "client_id": "442551322332-0ocru6jiaecurueqt9tvjavostqpcklm.apps.googleusercontent.com",
          "client_type": 1,
          "android_info": {
            "package_name": "com.bizbuzzz.app",
            "certificate_hash": "fd53d0f463554a629ec7b772048e28d23a76ae72"
          }
        },
        {
          "client_id": "442551322332-g3daoem93pv9m6rjco21orlrhr3kcjmo.apps.googleusercontent.com",
          "client_type": 1,
          "android_info": {
            "package_name": "com.bizbuzzz.app",
            "certificate_hash": "9ee48f606273c5d7755baf6a27f8e346fa7b8e58"
          }
        },
        {
          "client_id": "442551322332-no0fu60hiolsdr3ckot8hjgeqo1j8t3h.apps.googleusercontent.com",
          "client_type": 3
        }
      ],
      "api_key": [
        {
          "current_key": "AIzaSyDg0n-_93lzmSCiDx0DG8gUlRa0pZD5JwM"
        }
      ],
      "services": {
        "appinvite_service": {
          "other_platform_oauth_client": [
            {
              "client_id": "442551322332-no0fu60hiolsdr3ckot8hjgeqo1j8t3h.apps.googleusercontent.com",
              "client_type": 3
            },
            {
              "client_id": "442551322332-bb5kud48e8qmo2qis5mv2rhld8bps7a9.apps.googleusercontent.com",
              "client_type": 2,
              "ios_info": {
                "bundle_id": "com.bizbuzzz.ios.app"
              }
            }
          ]
        }
      }
    }
  ],
  "configuration_version": "1"
}