<?xml version="1.0" encoding="utf-8"?><!-- START xml_defaults https://segunfamisa.com/posts/firebase-remote-config-->
<defaultsMap>
    <entry>
        <key>smsCodeExpiryTimerInSeconds</key>
        <value>90</value>
    </entry>
    <entry>
        <key>smsCodeRetriesLimit</key>
        <value>6</value>
    </entry>
    <entry>
        <key>networkWaitTimeInSeconds</key>
        <value>20</value>
    </entry>
    <entry>
        <key>smsCodeLength</key>
        <value>6</value>
    </entry>
    <entry>
        <key>minRadiusForBizUnderMyRegionInKiloMeters</key>
        <value>4000</value>
    </entry>
    <entry>
        <key>locationUpdateIntervalInSeconds</key>
        <value>300</value>
    </entry>
    <entry>
        <key>smallestDisplacementForLocationUpdateInMeters</key>
        <value>1000</value>
    </entry>
    <entry>
        <key>freeDaysForUsage</key>
        <value>365</value>
    </entry>
    <entry>
        <key>isHelperVideoAvailable</key>
        <value>false</value>
    </entry>
    <entry>
        <key>helperVideoYouTubeId</key>
        <value>NOT_AVAILABLE</value>
    </entry>
    <entry>
        <key>skipPhoneNumberVerification</key>
        <value>false</value>
    </entry>
    <entry>
        <key>isLabTesting</key>
        <value>false</value>
    </entry>

    <entry>
        <key>buzzzDurationInScondsAndCostInRs</key>
        <value>{ "7200": "25", "14400": "50", "21600": "70", "28800": "90", "36000": "110", "43200":
            "130", "57600": "170", "72000": "185", "86400": "200" }
        </value>
    </entry>

    <entry>
        <key>paymentMethodList</key>
        <value>
            ["Debit Card","Wallet","Net Banking","UPI"]
        </value>
    </entry>


    <entry>
        <key>fcmDefaultTopicsForBizUsers</key>
        <value>
            ["BizBuzzz_DailyPositiveForAllUser",
            "BizBuzzz_MsgForBizUsersOnly","BizBuzzz_MsgForAllUsers"]
        </value>
    </entry>

    <entry>
        <key>reviewsPaginationCount</key>
        <value>30</value>
    </entry>
    <entry>
        <key>registrationAndActivationFeeInPaise</key>
        <value>200000</value>
    </entry>
    <entry>
        <key>appCodeForDynamicLink</key>
        <value>a34um</value>
        <!-- dev <value>e5krp</value>-->
        <!--TestBed <value>qmkk3</value>-->
        <!-- production <value>a34um</value>-->
    </entry>

    <entry>
        <key>iOSParametersForDynamicLink</key>
        <value>https://itunes.apple.com/us/app/bizbuzzz/id1454914244</value>
    </entry>

    <entry>
        <key>iOSPackageName</key>
        <value>com.bizbuzzz.ios.app</value>
    </entry>

    <entry>
        <key>bizPaginationCount</key>
        <value>60</value>
    </entry>

    <entry>
        <key>buzzzMyLivePaginationCount</key>
        <value>5</value>
    </entry>
    <entry>
        <key>buzzzMyCompletedPaginationCount</key>
        <value>40</value>
    </entry>
    <entry>
        <key>delaySliderPageInMilliSecond</key>
        <value>10000</value>
    </entry>
    <entry>
        <key>durationStayPageSliderInMilliSecond</key>
        <value>10000</value>
    </entry>
    <entry>
        <key>feedback</key>
        <value>feedback@bizbuzzz.com</value>
    </entry>
    <entry>
        <key>termOfServiceLink</key>
        <value>http://www.bizbuzzz.com/terms-conditions</value>
    </entry>
    <entry>
        <key>privacyPolicyLink</key>
        <value>http://www.bizbuzzz.com/privacy-policy</value>
    </entry>
    <entry>
        <key>maximumSectionsOfferings</key>
        <value>100</value>
    </entry>
    <entry>
        <key>maximumSectionsPhotos</key>
        <value>100</value>
    </entry>
    <entry>
        <key>maximumItemsOfferings</key>
        <value>1000</value>
    </entry>
    <entry>
        <key>maximumItemsPhotos</key>
        <value>1000</value>
    </entry>

    <entry>
        <key>maximumHorizontalImagesForOfferingsTypeThree</key>
        <value>3</value>
    </entry>

    <entry>
        <key>gstPercentage</key>
        <value>9</value>
    </entry>
    <entry>
        <key>cgstPercentage</key>
        <value>9</value>
    </entry>
    <entry>
        <key>gstInBizBuzzz</key>
        <value>BizBuzzz</value>
    </entry>
    <entry>
        <key>mandatoryUpdateConfig</key>
        <value>{ "mandatoryUpdate": "false", "updateVersionCode": "0" }
        </value>
    </entry>
    <entry>
        <key>todaysUpdateBannerTypeTwoImage</key>
        <value>
            https://firebasestorage.googleapis.com/v0/b/bizbuzzz-live-db.appspot.com/o/doNotRemove%2FtodaysUpdateBannerImage%2FtodaysupdatebannerImage.png?alt=media&amp;token=0505d1b3-69c6-42be-8fe1-271c7d7e1455
        </value>
    </entry>
    <entry>
        <key>dealDiscountBuzzzImage</key>
        <value>
            https://firebasestorage.googleapis.com/v0/b/bizbuzzz-live-db.appspot.com/o/doNotRemove%2FdealDiscountBannerImage%2FdealdiscountbuzzzbannerImage.png?alt=media&amp;token=559ad20e-dc32-47cd-a7df-b30d783d701e
        </value>
    </entry>

    <entry>
        <key>informationalBuzzzImage</key>
        <value>
            https://firebasestorage.googleapis.com/v0/b/bizbuzzz-live-db.appspot.com/o/doNotRemove%2FinformationalBuzzzBannerImage%2FinformationalbuzzzbannerImage.png?alt=media&amp;token=946b5953-e715-4b9d-942e-6dd35fe5004e
        </value>
    </entry>
    <entry>
        <key>appLogoForInvite</key>
        <value>https://s5.postimg.org/wfp72errb/Biz_Buzzz_Logo_App_Icon.png</value>
        <!--https://postimg.org/image/g4p363f9f/7840c338/-->

    </entry>

    <entry>
        <key>freeRegistraionAndActivationFee</key>
        <value>true</value>
    </entry>

    <entry>
        <key>isFilterList</key>
        <value>true</value>
    </entry>

    <entry>
        <key>filterList</key>
        <value>
            &lt; 2KM,Super Market,Restaurant,New
        </value>
    </entry>

    <entry>
        <key>fcmDefaultTopicsForRegularUsers</key>
        <value>
            ["BizBuzzz_DailyPositiveForAllUser",
            "BizBuzzz_MsgForRegularUsersOnly", "BizBuzzz_MsgForAllUsers"]
        </value>
    </entry>

    <entry>
        <key>expiryDurationRequestRemovalInMins</key>
        <value>30</value>
    </entry>

    <entry>
        <key>expiryDurationInvitaionInMins</key>
        <value>30</value>
    </entry>

    <entry>
        <key>maximumTeamMembers</key>
        <value>10</value>
    </entry>

    <entry>
        <key>orderListBeforeDays</key>
        <value>10</value>
    </entry>

    <entry>
        <key>maximumItemForPriceAndQuantity</key>
        <value>500</value>
    </entry>

    <entry>
        <key>bizOfferingsPaginationCount</key>
        <value>40</value>
    </entry>

</defaultsMap>

